Region,Country,Item Type,Total Cost,Total Profit
Middle East and North Africa,Libya,Cosmetics,2224085.18,1468506.02
North America,Canada,Vegetables,274426.74,190526.34
Middle East and North Africa,Libya,Baby Food,241840.14,145419.62
Asia,Japan,Cereal,389039.42,294295.98
Sub-Saharan Africa,Chad,Fruits,68127.4,23726.45
Europe,Armenia,Cereal,1115824.08,844085.52
Sub-Saharan Africa,Eritrea,Cereal,333060.84,251949.96
Europe,Montenegro,Clothes,261596.16,536038.56
Central America and the Caribbean,Jamaica,Vegetables,220778.04,153279.64
Australia and Oceania,Fiji,Vegetables,436464,303024
Sub-Saharan Africa,Togo,Clothes,107950.08,221201.28
Europe,Montenegro,Snacks,262503.36,148547.16
Europe,Greece,Household,757830.32,249920.84
Sub-Saharan Africa,Sudan,Cosmetics,1091766.18,720865.02
Asia,Maldives,Fruits,50737.44,17670.12
Europe,Montenegro,Clothes,172748.8,353980.8
Europe,Estonia,Office Supplies,1258329.12,302621.25
North America,Greenland,Beverages,91555.2,45100.8
Sub-Saharan Africa,Cape Verde,Clothes,40033.28,82032.48
Sub-Saharan Africa,Senegal,Household,4517332.06,1489746.97
Australia and Oceania,Federated States of Micronesia,Snacks,39658.08,22441.98
Europe,Bulgaria,Clothes,226257.92,463626.72
Middle East and North Africa,Algeria,Personal Care,548622.27,242605.86
Asia,Mongolia,Clothes,18457.6,37821.6
Central America and the Caribbean,Grenada,Cereal,99777.72,75478.68
Central America and the Caribbean,Grenada,Beverages,310238.61,152825.94
Sub-Saharan Africa,Senegal,Beverages,264937.86,130510.44
North America,Greenland,Fruits,32586.28,11348.69
Sub-Saharan Africa,Chad,Meat,3297891.67,517259.6
Sub-Saharan Africa,Mauritius ,Personal Care,483338.43,213736.74
Middle East and North Africa,Morocco,Beverages,76009.89,37443.06
Central America and the Caribbean,Honduras,Office Supplies,3613824.64,869105
Sub-Saharan Africa,Benin,Fruits,2027.56,706.13
Europe,Greece,Baby Food,1265316.54,760840.82
Central America and the Caribbean,Jamaica,Beverages,227711.77,112172.58
Sub-Saharan Africa,Equatorial Guinea,Office Supplies,1234705.92,296940
Sub-Saharan Africa,Swaziland,Office Supplies,5204978.4,1251768.75
Central America and the Caribbean,Trinidad and Tobago,Vegetables,299523.42,207950.22
Europe,Sweden,Baby Food,1269461.46,763333.18
Europe,Belarus,Office Supplies,3373392.96,811282.5
Sub-Saharan Africa,Guinea-Bissau,Office Supplies,1690896.16,406651.25
Asia,Mongolia,Beverages,315134.27,155237.58
Middle East and North Africa,Turkey,Meat,37563.07,5891.6
Sub-Saharan Africa,Central African Republic,Snacks,430587.36,243663.66
Sub-Saharan Africa,Equatorial Guinea,Office Supplies,2899354.08,697278.75
Asia,Laos,Beverages,98771.53,48655.62
Europe,Armenia,Meat,3244282.24,508851.2
Europe,Greece,Household,825673.22,272294.39
Middle East and North Africa,Israel,Personal Care,120990.45,53503.1
Asia,Bhutan,Meat,2986446.41,468410.8
Australia and Oceania,Vanuatu,Vegetables,877838.22,609457.02
Sub-Saharan Africa,Burundi,Vegetables,310071.3,215273.3
Europe,Ukraine,Cosmetics,2203545.44,1454944.16
Europe,Croatia,Beverages,14941.3,7360.2
Sub-Saharan Africa,Madagascar,Fruits,53214.8,18532.9
Asia,Malaysia,Snacks,490415.52,277519.62
Asia,Uzbekistan,Office Supplies,5005493.6,1203793.75
Europe,Italy,Office Supplies,2762864.48,664453.75
Asia,Nepal,Vegetables,756173.88,524989.08
Australia and Oceania,Fiji,Personal Care,103366.08,45709.44
Europe,Portugal,Office Supplies,498187.04,119811.25
Central America and the Caribbean,Panama,Cosmetics,2075303.73,1370269.47
Europe,Belarus,Beverages,217634.34,107208.36
Sub-Saharan Africa,Botswana,Clothes,326036.48,668083.68
Sub-Saharan Africa,Tanzania,Personal Care,448883.07,198500.26
Europe,Romania,Office Supplies,1908754.56,459045
Sub-Saharan Africa,Mali,Cereal,1005974.9,760988.1
Sub-Saharan Africa,Central African Republic,Office Supplies,1135488.48,273078.75
Sub-Saharan Africa,Niger,Baby Food,919215.72,552728.76
Europe,Austria,Office Supplies,4116211.36,989926.25
Asia,India,Fruits,61325.04,21357.42
Europe,Luxembourg,Baby Food,1009925.7,607273.1
Sub-Saharan Africa,Cape Verde,Beverages,311351.26,153374.04
Europe,Sweden,Vegetables,528121.44,366659.04
Europe,Iceland,Meat,1084952.75,170170
Middle East and North Africa,Qatar,Personal Care,392439.75,173540.5
Sub-Saharan Africa,South Sudan,Meat,1939786.11,304246.8
Europe,United Kingdom,Office Supplies,1496136,359812.5
Middle East and North Africa,Tunisia ,Cereal,730883.51,552890.19
North America,United States of America,Office Supplies,4854305.12,1167433.75
Sub-Saharan Africa,Liberia,Cereal,896242.83,677979.27
Sub-Saharan Africa,Eritrea,Snacks,416945.76,235944.06
Asia,South Korea,Fruits,27486.24,9572.52
Sub-Saharan Africa,Kenya,Clothes,308618.24,632391.84
Sub-Saharan Africa,Rwanda,Snacks,205500.96,116290.26
Central America and the Caribbean,Cuba,Beverages,171920.32,84689.28
Middle East and North Africa,Libya,Cereal,173322.8,131113.2
Europe,Czech Republic,Snacks,32350.08,18306.48
Europe,Montenegro,Beverages,127128.21,62624.34
Europe,Montenegro,Clothes,55516.16,113758.56
Asia,Philippines,Baby Food,650274.18,391012.94
Central America and the Caribbean,El Salvador,Clothes,348400.64,713910.24
Australia and Oceania,Tonga,Household,4339432.9,1431078.55
Sub-Saharan Africa,Democratic Republic of the Congo,Personal Care,454153.38,200830.84
Middle East and North Africa,Afghanistan,Cereal,829255.91,627305.79
Australia and Oceania,Tuvalu,Snacks,203747.04,115297.74
Sub-Saharan Africa,Sudan,Fruits,9210.52,3207.71
Sub-Saharan Africa,Niger,Clothes,4193.28,8592.48
Sub-Saharan Africa,Gabon,Household,2913726.92,960902.54
Australia and Oceania,East Timor,Vegetables,250512.15,173923.15
North America,United States of America,Clothes,265144.32,543309.12
Middle East and North Africa,Jordan,Vegetables,288248.1,200122.1
Europe,Cyprus,Snacks,540207.36,305696.16
Sub-Saharan Africa,Malawi,Vegetables,638783.25,443488.25
Europe,Iceland,Personal Care,121783.83,53853.94
Middle East and North Africa,Israel,Personal Care,140768.28,62249.04
Middle East and North Africa,United Arab Emirates,Snacks,158729.76,89823.06
Asia,China,Cosmetics,56089.29,37034.31
Sub-Saharan Africa,Kenya,Beverages,28515.63,14047.02
Middle East and North Africa,Somalia,Clothes,120924.16,247786.56
Australia and Oceania,Tonga,Beverages,297776.93,146687.22
Asia,Bangladesh,Baby Food,1216693.44,731603.52
Middle East and North Africa,Egypt,Beverages,284647.66,140219.64
Sub-Saharan Africa,Eritrea,Cereal,134676.5,101878.5
Sub-Saharan Africa,Swaziland,Office Supplies,2137112.16,513963.75
Asia,Vietnam,Baby Food,732375.48,440380.84
Australia and Oceania,Marshall Islands,Snacks,159022.08,89988.48
Asia,Taiwan,Household,566362.58,186777.71
Europe,Ireland,Vegetables,95658.36,66412.76
Sub-Saharan Africa,Rwanda,Meat,2338756.97,366823.6
Europe,Sweden,Snacks,413632.8,234069.3
Sub-Saharan Africa,Gabon,Snacks,839445.6,475031.1
Sub-Saharan Africa,South Africa,Baby Food,896578.08,539116.64
Europe,United Kingdom,Clothes,301020.16,616822.56
Europe,Albania,Fruits,14559.68,5070.64
Asia,Malaysia,Snacks,870041.76,492345.06
Sub-Saharan Africa,Ghana,Household,1556868.92,513431.54
Central America and the Caribbean,Cuba,Clothes,210273.28,430872.48
Central America and the Caribbean,Saint Lucia,Cosmetics,137458.26,90760.14
Europe,Romania,Snacks,719009.76,406878.06
Europe,Portugal,Office Supplies,4613348.48,1109485
Europe,Macedonia,Beverages,131260.91,64660.14
Asia,China,Beverages,152941.69,75340.26
Europe,Germany,Baby Food,1479258.18,889484.94
Europe,Ireland,Household,4023335.24,1326834.38
Europe,Poland,Office Supplies,4460060.16,1072620
Sub-Saharan Africa,Namibia,Household,143223.9,47233.05
Asia,Uzbekistan,Personal Care,563413.14,249146.52
Sub-Saharan Africa,Zimbabwe,Meat,2211480.16,346860.8
Asia,Mongolia,Meat,1561237.89,244873.2
Europe,Norway,Personal Care,127847.52,56535.36
Middle East and North Africa,Oman,Snacks,455921.76,258000.06
Europe,Serbia,Cosmetics,2179055.75,1438774.25
Sub-Saharan Africa,Democratic Republic of the Congo,Fruits,47042.16,16383.18
Europe,Bulgaria,Baby Food,962099.7,578515.1
Asia,Brunei,Baby Food,1403374.26,843855.58
Europe,Serbia,Snacks,969625.44,548698.14
Sub-Saharan Africa,Ghana,Cereal,159035.38,120305.22
Sub-Saharan Africa,Malawi,Cereal,812274.96,614460.24
Sub-Saharan Africa,Zimbabwe,Fruits,52778.84,18381.07
Europe,Cyprus,Snacks,624103.2,353171.7
Central America and the Caribbean,Nicaragua,Cereal,383418.14,290043.66
Europe,Estonia,Baby Food,43202.82,25978.06
Europe,Estonia,Clothes,231633.92,474642.72
Europe,Lithuania,Fruits,20407.08,7107.09
Sub-Saharan Africa,Republic of the Congo,Meat,2866098.71,449534.8
Europe,Czech Republic,Baby Food,215695.26,129698.58
Sub-Saharan Africa,Cameroon,Snacks,60802.56,34407.36
Asia,Vietnam,Office Supplies,2570729.12,618246.25
Europe,Moldova ,Meat,154628.56,24252.8
Middle East and North Africa,Bahrain,Office Supplies,2884130.24,693617.5
Europe,Hungary,Household,2725274.42,898753.79
Australia and Oceania,Marshall Islands,Personal Care,428368.53,189428.54
Middle East and North Africa,Iraq,Office Supplies,3298323.68,793228.75
Europe,Albania,Vegetables,727985.58,505418.78
Sub-Saharan Africa,Lesotho,Office Supplies,3239003.2,778962.5
Middle East and North Africa,Lebanon,Clothes,223964.16,458926.56
Europe,Hungary,Vegetables,68015.64,47221.24
Asia,Japan,Beverages,133613.37,65818.98
Europe,Georgia,Office Supplies,4294172.8,1032725
Europe,Estonia,Office Supplies,3296748.8,792850
Europe,Luxembourg,Household,4588692.74,1513280.63
Sub-Saharan Africa,Swaziland,Personal Care,532471.32,235463.76
Europe,Romania,Clothes,242457.6,496821.6
Sub-Saharan Africa,Ethiopia,Personal Care,167969.88,74277.84
Sub-Saharan Africa,Chad,Office Supplies,3541380.16,851682.5
Middle East and North Africa,Morocco,Office Supplies,4671094.08,1123372.5
North America,Mexico,Clothes,259374.08,531485.28
Sub-Saharan Africa,Nigeria,Personal Care,91352.04,40396.72
Central America and the Caribbean,Trinidad and Tobago,Beverages,283058.16,139436.64
Europe,Moldova ,Personal Care,454606.74,201031.32
Australia and Oceania,Solomon Islands,Personal Care,278193.03,123019.54
Asia,India,Personal Care,427235.13,188927.34
Sub-Saharan Africa,Burkina Faso,Office Supplies,481388.32,115771.25
Australia and Oceania,Kiribati,Meat,758190.51,118918.8
Middle East and North Africa,Israel,Meat,1857366.17,291319.6
Sub-Saharan Africa,Comoros,Snacks,590096.64,333927.84
Middle East and North Africa,Iran,Baby Food,1291142.58,776370.14
Asia,Vietnam,Cosmetics,1681098.72,1109986.08
Central America and the Caribbean,Belize,Household,1558376.54,513928.73
Europe,Belarus,Personal Care,140314.92,62048.56
North America,United States of America,Baby Food,918737.46,552441.18
Europe,Poland,Beverages,198592.13,97828.02
North America,Canada,Vegetables,386179.71,268113.11
Middle East and North Africa,Israel,Beverages,67108.69,33058.26
Middle East and North Africa,Lebanon,Household,4632916.26,1527864.87
Europe,Andorra,Baby Food,1113070.44,669294.52
Europe,Slovakia,Clothes,137733.12,282229.92
Sub-Saharan Africa,Liberia,Fruits,1896.08,660.34
Central America and the Caribbean,Antigua and Barbuda ,Cereal,442910.02,335047.38
Asia,China,Personal Care,221069.67,97759.06
Sub-Saharan Africa,Niger,Baby Food,1147824,690192
Europe,United Kingdom,Household,1144786.12,377532.94
Asia,Bangladesh,Personal Care,269919.21,119360.78
Asia,Myanmar,Snacks,225768.48,127759.38
Australia and Oceania,Tonga,Meat,3513058.77,551007.6
Sub-Saharan Africa,Guinea-Bissau,Vegetables,312253.62,216788.42
Australia and Oceania,Nauru,Vegetables,679701.75,471896.75
Sub-Saharan Africa,Swaziland,Cereal,883243.62,668145.78
Europe,Finland,Vegetables,586680.36,407314.76
Australia and Oceania,Papua New Guinea,Household,4550499.7,1500685.15
Sub-Saharan Africa,Mauritius ,Personal Care,409724.1,181183.8
Sub-Saharan Africa,Mozambique,Office Supplies,2566004.48,617110
Europe,Bulgaria,Clothes,106516.48,218263.68
Europe,Spain,Household,2238815.7,738327.15
Australia and Oceania,Vanuatu,Meat,3406569.29,534305.2
Europe,Belgium,Fruits,66909.48,23302.29
Europe,Belgium,Baby Food,717868.26,431657.58
Sub-Saharan Africa,Guinea-Bissau,Clothes,177192.96,363087.36
Sub-Saharan Africa,Togo,Vegetables,829372.53,575808.73
Sub-Saharan Africa,Cote d'Ivoire,Personal Care,407797.32,180331.76
Sub-Saharan Africa,Republic of the Congo,Fruits,44011.2,15327.6
Middle East and North Africa,Libya,Baby Food,930534.54,559534.82
Australia and Oceania,East Timor,Vegetables,171130.26,118810.66
Europe,Switzerland,Clothes,99706.88,204310.08
Australia and Oceania,Palau,Snacks,375436.32,212454.42
Middle East and North Africa,Jordan,Household,1228710.3,405209.85
Europe,Slovenia,Household,1475457.44,486583.28
Asia,South Korea,Baby Food,277231.38,166700.54
Europe,Norway,Clothes,82288.64,168618.24
Middle East and North Africa,Afghanistan,Baby Food,12753.6,7668.8
Asia,Bangladesh,Personal Care,430521.99,190380.82
Sub-Saharan Africa,Guinea,Meat,3421156.89,536593.2
Central America and the Caribbean,Cuba,Office Supplies,3675769.92,884002.5
Europe,Russia,Cosmetics,1068066.48,705216.72
Sub-Saharan Africa,Seychelles ,Vegetables,106842.75,74177.75
Asia,South Korea,Office Supplies,535459.2,128775
Sub-Saharan Africa,Ghana,Baby Food,523216.44,314612.52
Central America and the Caribbean,Costa Rica,Office Supplies,5084237.6,1222731.25
Europe,Romania,Cereal,1052233.35,795981.15
Europe,Czech Republic,Cereal,230355.37,174256.53
Europe,Liechtenstein,Household,3240880.46,1068792.77
Sub-Saharan Africa,Seychelles ,Baby Food,363318.18,218464.94
Middle East and North Africa,Somalia,Baby Food,1010403.96,607560.68
Australia and Oceania,Solomon Islands,Personal Care,427065.12,188852.16
Sub-Saharan Africa,Uganda,Clothes,65085.44,133367.04
Sub-Saharan Africa,Equatorial Guinea,Cereal,837453.61,633507.09
Central America and the Caribbean,Costa Rica,Office Supplies,4486833.12,1079058.75
Europe,Moldova ,Fruits,21029.88,7323.99
Sub-Saharan Africa,Burkina Faso,Vegetables,426916.35,296395.35
Central America and the Caribbean,Guatemala,Beverages,305629.06,150555.24
Sub-Saharan Africa,Swaziland,Meat,336973.56,52852.8
Asia,Maldives,Vegetables,344533.77,239199.57
Asia,Thailand,Household,200513.46,66126.27
Sub-Saharan Africa,Sudan,Household,2502146.66,825169.67
Central America and the Caribbean,Costa Rica,Meat,3203072.27,502387.6
Europe,Denmark,Beverages,162065.42,79834.68
Sub-Saharan Africa,Angola,Cereal,496546.4,375621.6
Australia and Oceania,Papua New Guinea,Household,4301239.86,1418483.07
Asia,North Korea,Meat,2711470.15,425282
Central America and the Caribbean,El Salvador,Fruits,15763.76,5489.98
Sub-Saharan Africa,Burkina Faso,Household,769388.74,253732.63
Middle East and North Africa,Yemen,Baby Food,903592.56,543334.48
Sub-Saharan Africa,Republic of the Congo,Beverages,69715.47,34342.38
Europe,Andorra,Household,322630.68,106398.66
Central America and the Caribbean,Dominican Republic,Household,3811263.36,1256896.32
Middle East and North Africa,Israel,Baby Food,257622.72,154909.76
Australia and Oceania,Solomon Islands,Snacks,815475.36,461466.66
Sub-Saharan Africa,Liberia,Fruits,38080.76,13262.23
Sub-Saharan Africa,Mali,Vegetables,701252.16,486858.56
Asia,Uzbekistan,Clothes,61573.12,126169.92
Middle East and North Africa,Tunisia ,Personal Care,72310.92,31976.56
Europe,Vatican City,Vegetables,197590.89,137181.49
Sub-Saharan Africa,Djibouti,Snacks,704198.88,398496.78
Europe,Ukraine,Household,645763.9,212963.05
Australia and Oceania,East Timor,Fruits,43090.84,15007.07
Sub-Saharan Africa,Uganda,Cereal,698561.15,528439.35
Sub-Saharan Africa,Guinea,Meat,525518.29,82425.2
Sub-Saharan Africa,Equatorial Guinea,Clothes,201743.36,413393.76
Europe,Malta,Cosmetics,2247258.22,1483806.58
Europe,Cyprus,Household,1101065.14,363114.43
Europe,Czech Republic,Office Supplies,2975473.28,715585
Middle East and North Africa,Libya,Vegetables,5819.52,4040.32
Asia,Vietnam,Office Supplies,1842084.64,443011.25
Middle East and North Africa,Jordan,Vegetables,560401.59,389070.19
Sub-Saharan Africa,Mali,Beverages,165943.8,81745.2
Europe,Czech Republic,Household,4976151.08,1641058.46
Europe,Slovakia,Vegetables,587862.45,408135.45
Sub-Saharan Africa,Zimbabwe,Vegetables,290521.35,201700.35
Central America and the Caribbean,Honduras,Cereal,633447.99,479183.31
Europe,Switzerland,Beverages,14464.45,7125.3
Sub-Saharan Africa,South Africa,Cosmetics,714940.95,472057.05
Sub-Saharan Africa,Uganda,Beverages,273330.42,134644.68
Middle East and North Africa,Iran,Vegetables,140668.71,97662.11
Middle East and North Africa,Algeria,Vegetables,639783.48,444182.68
Sub-Saharan Africa,Central African Republic,Baby Food,1206809.4,725660.2
Central America and the Caribbean,The Bahamas,Cosmetics,2023691.05,1336190.95
Sub-Saharan Africa,South Africa,Household,4496727.92,1482952.04
Sub-Saharan Africa,Benin,Cereal,580514.27,439140.63
Europe,Hungary,Cosmetics,1670565.52,1103031.28
Europe,Austria,Office Supplies,3027969.28,728210
Asia,Tajikistan,Office Supplies,1534458.08,369028.75
Europe,Portugal,Office Supplies,5003918.72,1203415
Europe,Belgium,Beverages,138254.71,68105.34
Europe,Slovenia,Beverages,259438.19,127801.26
Europe,Czech Republic,Snacks,856107.84,484460.04
Australia and Oceania,Marshall Islands,Personal Care,344043.57,152139.26
Sub-Saharan Africa,Sudan,Fruits,47727.24,16621.77
Central America and the Caribbean,Dominican Republic,Clothes,6272,12852
Sub-Saharan Africa,Tanzania,Cereal,216419.28,163714.32
Europe,Switzerland,Clothes,354385.92,726174.72
North America,Greenland,Household,4674627.08,1541620.46
Australia and Oceania,Tonga,Fruits,49298.08,17168.84
Middle East and North Africa,Saudi Arabia,Vegetables,674882.46,468550.86
Central America and the Caribbean,Belize,Cosmetics,1657925.68,1094685.52
Sub-Saharan Africa,Angola,Cosmetics,1810130.42,1195182.38
Asia,Malaysia,Household,2170470.26,715787.87
Sub-Saharan Africa,Ethiopia,Beverages,26131.38,12872.52
North America,Greenland,Baby Food,96767.94,58187.02
Sub-Saharan Africa,Benin,Cereal,577118.08,436571.52
Middle East and North Africa,Yemen,Cereal,828319.03,626597.07
Sub-Saharan Africa,Rwanda,Baby Food,1173012.36,705337.88
Sub-Saharan Africa,Mauritania,Meat,2965659.08,465150.4
Australia and Oceania,New Zealand,Personal Care,497279.25,219901.5
Australia and Oceania,Samoa ,Clothes,25052.16,51334.56
Australia and Oceania,Fiji,Clothes,84008.96,172143.36
Sub-Saharan Africa,Malawi,Beverages,133072.94,65552.76
Australia and Oceania,Marshall Islands,Beverages,118544.91,58396.14
Central America and the Caribbean,Grenada,Baby Food,80985.36,48696.88
Europe,Luxembourg,Meat,398606.17,62519.6
Sub-Saharan Africa,Zimbabwe,Meat,1487935.2,233376
Asia,China,Vegetables,463743,321963
North America,United States of America,Beverages,57698.85,28422.9
Sub-Saharan Africa,Central African Republic,Vegetables,810731.88,562867.08
Central America and the Caribbean,Antigua and Barbuda ,Vegetables,284338.11,197407.51
Central America and the Caribbean,Guatemala,Baby Food,1307722.26,786339.58
Middle East and North Africa,Qatar,Clothes,355891.2,729259.2
Middle East and North Africa,Israel,Personal Care,63810.42,28217.56
Asia,Thailand,Snacks,646904.16,366074.46
Asia,Singapore,Cereal,977751.39,739637.91
Asia,North Korea,Snacks,16272.48,9208.38
Europe,Austria,Office Supplies,1593778.56,383295
Asia,Japan,Baby Food,1582881.18,951793.94
Sub-Saharan Africa,Zimbabwe,Beverages,27053.29,13326.66
Europe,Lithuania,Fruits,54238.96,18889.58
Europe,Luxembourg,Baby Food,1587504.36,954573.88
Sub-Saharan Africa,Central African Republic,Cosmetics,2188008.97,1444685.83
Europe,Norway,Household,513093.34,169210.33
Sub-Saharan Africa,Democratic Republic of the Congo,Fruits,57131.52,19896.96
Australia and Oceania,New Zealand,Household,3620800.7,1194084.65
Europe,Ukraine,Personal Care,401903.64,177725.52
Asia,Taiwan,Personal Care,236483.91,104575.38
Europe,Italy,Cereal,788501.63,596476.47
Europe,Finland,Personal Care,5043.63,2230.34
Sub-Saharan Africa,Sudan,Office Supplies,835211.36,200863.75
Europe,Croatia,Snacks,547417.92,309776.52
Sub-Saharan Africa,Mauritania,Beverages,272789.99,134378.46
Australia and Oceania,New Zealand,Baby Food,625404.66,376058.78
Middle East and North Africa,Pakistan,Beverages,226249.43,111452.22
Europe,Poland,Household,335696.72,110707.64
Europe,Lithuania,Cereal,1067223.43,807320.67
Middle East and North Africa,Pakistan,Cereal,470665.09,356043.21
Australia and Oceania,East Timor,Cosmetics,2365756.72,1562048.08
Australia and Oceania,Marshall Islands,Fruits,32094.96,11177.58
Central America and the Caribbean,Cuba,Household,1830250.68,603588.66
North America,Greenland,Baby Food,906940.38,545347.54
Europe,Luxembourg,Personal Care,141845.01,62725.18
Middle East and North Africa,Israel,Beverages,90220.02,44443.08
Sub-Saharan Africa,Djibouti,Baby Food,1192461.6,717032.8
Europe,Bulgaria,Cereal,497366.17,376241.73
Asia,Mongolia,Vegetables,271698.84,188632.44
Central America and the Caribbean,Dominican Republic,Clothes,20858.88,42742.08
Middle East and North Africa,Yemen,Cosmetics,1564180.2,1032787.8
Australia and Oceania,Federated States of Micronesia,Personal Care,283633.35,125425.3
Europe,Finland,Personal Care,325909.17,144120.06
Central America and the Caribbean,The Bahamas,Cereal,372526.91,281804.79
Central America and the Caribbean,Grenada,Meat,1580566.46,247904.8
Sub-Saharan Africa,Sao Tome and Principe,Meat,1194359.75,187330
Central America and the Caribbean,El Salvador,Personal Care,345857.01,152941.18
Europe,Sweden,Baby Food,948389.58,570271.14
Asia,Turkmenistan,Cosmetics,2099793.42,1386439.38
Europe,Monaco,Vegetables,397273.17,275814.97
Middle East and North Africa,Turkey,Meat,3413133.71,535334.8
Sub-Saharan Africa,Mozambique,Beverages,133486.21,65756.34
Middle East and North Africa,Yemen,Office Supplies,1140738.08,274341.25
Asia,Philippines,Cereal,421713.11,319012.59
Sub-Saharan Africa,Democratic Republic of the Congo,Personal Care,47036.1,20799.8
Australia and Oceania,Fiji,Snacks,315803.04,178708.74
Europe,Macedonia,Office Supplies,1178010.24,283305
Middle East and North Africa,Tunisia ,Cereal,735802.13,556610.97
Europe,Liechtenstein,Cereal,682634.19,516391.11
Middle East and North Africa,Qatar,Cosmetics,2209338.7,1458769.3
Australia and Oceania,Tonga,Meat,1276050.31,200142.8
Europe,Belgium,Meat,2817594.94,441927.2
Sub-Saharan Africa,Chad,Fruits,66909.48,23302.29
Asia,Thailand,Baby Food,790244.94,475178.02
Europe,Iceland,Clothes,44835.84,91873.44
Central America and the Caribbean,Saint Lucia,Meat,1183419.05,185614
Asia,Japan,Cosmetics,2017371.13,1332018.07
Asia,India,Personal Care,467754.18,206845.24
Australia and Oceania,Vanuatu,Office Supplies,426267.52,102515
Sub-Saharan Africa,Chad,Meat,2972223.5,466180
Sub-Saharan Africa,Malawi,Cosmetics,1347722.94,889866.66
Europe,Finland,Cosmetics,946934.68,625236.52
Middle East and North Africa,Turkey,Clothes,268584.96,550359.36
Sub-Saharan Africa,South Africa,Meat,2828170.95,443586
Europe,Lithuania,Office Supplies,3860030.88,928316.25
Europe,Russia,Beverages,200054.47,98548.38
Central America and the Caribbean,The Bahamas,Baby Food,1053766.2,633634.6
Central America and the Caribbean,The Bahamas,Snacks,718425.12,406547.22
Middle East and North Africa,Turkey,Cosmetics,2548771.07,1682887.73
Sub-Saharan Africa,Mauritius ,Cosmetics,436864.47,288450.33
Europe,Bulgaria,Vegetables,315799.89,219250.49
Middle East and North Africa,Iran,Household,1163380.1,383664.95
Sub-Saharan Africa,Ghana,Household,3722816.32,1227727.84
Sub-Saharan Africa,Malawi,Baby Food,798056.52,479875.16
Sub-Saharan Africa,Zimbabwe,Baby Food,541230.9,325444.7
Asia,Tajikistan,Vegetables,717801.42,498348.22
Europe,Czech Republic,Cereal,685210.61,518340.09
Sub-Saharan Africa,Mauritius ,Household,827180.84,272791.58
Sub-Saharan Africa,Lesotho,Fruits,11687.88,4070.49
Sub-Saharan Africa,Mali,Beverages,299588.96,147579.84
Europe,Georgia,Personal Care,18304.41,8094.38
Europe,Albania,Office Supplies,3618024.32,870115
Europe,Cyprus,Cosmetics,965631.11,637581.29
Central America and the Caribbean,Saint Kitts and Nevis ,Household,1113126.1,367091.95
Middle East and North Africa,Tunisia ,Meat,2237373.15,350922
Central America and the Caribbean,Cuba,Meat,2208927.33,346460.4
Australia and Oceania,Kiribati,Cereal,543507.51,411146.19
Asia,Cambodia,Snacks,154052.64,87176.34
Europe,Moldova ,Baby Food,1371012,824396
Asia,Uzbekistan,Cereal,521373.72,394402.68
Asia,India,Cosmetics,2613286.92,1725485.88
Europe,Germany,Personal Care,160602.78,71020.04
Europe,Austria,Vegetables,275517.9,191283.9
Europe,Germany,Office Supplies,3879979.36,933113.75
Asia,Bhutan,Clothes,173071.36,354641.76
Asia,Kyrgyzstan,Fruits,8906.04,3101.67
Middle East and North Africa,Somalia,Personal Care,268502.46,118734.28
Central America and the Caribbean,Saint Lucia,Household,93472.44,30825.78
Europe,Armenia,Snacks,454849.92,257393.52
North America,Canada,Beverages,71591.08,35266.32
Sub-Saharan Africa,Burundi,Cosmetics,2379449.88,1571089.32
Europe,Liechtenstein,Cereal,954329.39,721919.91
Middle East and North Africa,Tunisia ,Snacks,463229.76,262135.56
Middle East and North Africa,Iraq,Beverages,33125.18,16317.72
Asia,Indonesia,Cosmetics,325739.21,215077.19
Asia,Kazakhstan,Beverages,209623.26,103262.04
Europe,Denmark,Beverages,12684.21,6248.34
Europe,Luxembourg,Vegetables,269971.17,187432.97
Sub-Saharan Africa,Cape Verde,Snacks,648268.32,366846.42
Australia and Oceania,Palau,Vegetables,75653.76,52524.16
Australia and Oceania,Australia,Vegetables,628780.95,436543.95
Central America and the Caribbean,Nicaragua,Meat,1220252.74,191391.2
Asia,Laos,Office Supplies,313926.08,75497.5
Central America and the Caribbean,Cuba,Personal Care,349993.92,154770.56
Europe,Moldova ,Cosmetics,2531917.95,1671760.05
Middle East and North Africa,Syria,Household,3761511.9,1240489.05
Central America and the Caribbean,The Bahamas,Cereal,981616.02,742561.38
Europe,Belarus,Snacks,773478.72,437701.32
Middle East and North Africa,United Arab Emirates,Clothes,136622.08,279953.28
Sub-Saharan Africa,Angola,Beverages,22189.42,10930.68
Central America and the Caribbean,Cuba,Cosmetics,1400915.6,924988.4
Europe,Ukraine,Office Supplies,751217.76,180663.75
Sub-Saharan Africa,Mozambique,Fruits,33340.56,11611.38
Europe,Armenia,Personal Care,470304.33,207972.94
North America,Greenland,Clothes,240916.48,493663.68
Central America and the Caribbean,Saint Kitts and Nevis ,Office Supplies,1033121.28,248460
Europe,Vatican City,Beverages,252603.34,124434.36
Europe,Ukraine,Clothes,200704,411264
Sub-Saharan Africa,Niger,Cereal,925520.33,700126.77
Asia,Myanmar,Cosmetics,1279783.8,845008.2
Sub-Saharan Africa,Guinea,Baby Food,1356345.36,815576.88
Sub-Saharan Africa,Guinea-Bissau,Snacks,771042.72,436322.82
Sub-Saharan Africa,South Sudan,Office Supplies,2191183.04,526967.5
Middle East and North Africa,Turkey,Snacks,528222.24,298913.94
Australia and Oceania,Palau,Household,912612.64,300965.68
Europe,Poland,Beverages,17484.5,8613
Asia,Malaysia,Beverages,26957.92,13279.68
North America,United States of America,Personal Care,507933.21,224612.78
Europe,Switzerland,Cosmetics,838179.39,553428.21
Australia and Oceania,Papua New Guinea,Cosmetics,2323887.25,1534402.75
Sub-Saharan Africa,Namibia,Beverages,102904.23,50691.42
Europe,Ireland,Clothes,28636.16,58678.56
Sub-Saharan Africa,Mozambique,Household,3981121.88,1312913.06
Sub-Saharan Africa,Democratic Republic of the Congo,Baby Food,1283171.58,771577.14
North America,United States of America,Meat,2426647.26,380608.8
Middle East and North Africa,Azerbaijan,Office Supplies,3275750.4,787800
Europe,Belgium,Office Supplies,706071.2,169806.25
Asia,Taiwan,Office Supplies,1856258.56,446420
Central America and the Caribbean,Panama,Baby Food,1022041.62,614558.46
Europe,Andorra,Beverages,19074,9396
Europe,Georgia,Household,4404763.1,1452623.45
Central America and the Caribbean,Barbados,Snacks,58171.68,32918.58
Europe,Sweden,Personal Care,443216.07,195994.26
Middle East and North Africa,Algeria,Meat,3351865.79,525725.2
Europe,Italy,Personal Care,311344.98,137679.64
Europe,Russia,Fruits,31458.32,10955.86
Central America and the Caribbean,Antigua and Barbuda ,Office Supplies,3253177.12,782371.25
Middle East and North Africa,Jordan,Fruits,50689,17653.25
Sub-Saharan Africa,Mali,Meat,2495938.36,391476.8
Middle East and North Africa,Somalia,Cereal,81274.34,61481.46
Middle East and North Africa,Kuwait,Snacks,667464,377709
Sub-Saharan Africa,Liberia,Office Supplies,165887.36,39895
Asia,China,Office Supplies,4266874.88,1026160
Europe,Andorra,Meat,1588224.95,249106
Sub-Saharan Africa,Niger,Beverages,161906.47,79756.38
Europe,Hungary,Vegetables,315981.75,219376.75
Europe,Monaco,Clothes,166978.56,342156.96
Australia and Oceania,Tuvalu,Household,422133.6,139213.2
Sub-Saharan Africa,South Sudan,Baby Food,994780.8,598166.4
Europe,Cyprus,Cereal,247570.54,187279.26
Europe,Poland,Household,878942.46,289861.77
Sub-Saharan Africa,Liberia,Snacks,532217.28,301174.68
Sub-Saharan Africa,Cote d'Ivoire,Vegetables,509389.86,353654.26
Asia,Kyrgyzstan,Beverages,49179.13,24226.02
Europe,Slovakia,Vegetables,428371.23,297405.43
Asia,Malaysia,Cosmetics,930608.22,614456.58
Sub-Saharan Africa,Liberia,Beverages,269928.89,132969.06
Australia and Oceania,Vanuatu,Cosmetics,1865956.38,1232042.82
Australia and Oceania,Kiribati,Baby Food,1411823.52,848936.16
Middle East and North Africa,Turkey,Baby Food,58666.56,35276.48
Europe,San Marino,Fruits,1529.32,532.61
Europe,Vatican City,Snacks,394047.36,222986.16
Middle East and North Africa,Morocco,Beverages,301973.21,148754.34
Sub-Saharan Africa,Equatorial Guinea,Meat,465709.13,73044.4
Middle East and North Africa,Jordan,Vegetables,555036.72,385345.52
Asia,Kyrgyzstan,Vegetables,703161.69,488184.29
Sub-Saharan Africa,Republic of the Congo,Fruits,13494,4699.5
Australia and Oceania,East Timor,Snacks,153370.56,86790.36
Europe,Estonia,Meat,529529.88,83054.4
Asia,Bangladesh,Snacks,337629.6,191060.1
Sub-Saharan Africa,Senegal,Fruits,10539.16,3670.43
Middle East and North Africa,Pakistan,Fruits,45457.48,15831.29
Europe,Czech Republic,Beverages,50164.62,24711.48
Sub-Saharan Africa,Ghana,Meat,2389448.88,374774.4
Asia,Japan,Cosmetics,929554.9,613761.1
Asia,Kazakhstan,Baby Food,251564.76,151267.08
Central America and the Caribbean,The Bahamas,Snacks,174807.36,98921.16
Sub-Saharan Africa,Ethiopia,Household,1160364.86,382670.57
Sub-Saharan Africa,Burkina Faso,Cosmetics,864775.72,570989.08
Sub-Saharan Africa,Madagascar,Fruits,13217.2,4603.1
Europe,Netherlands,Office Supplies,3891528.48,935891.25
Europe,Greece,Vegetables,549762.78,381683.98
Middle East and North Africa,Egypt,Meat,2223150.24,348691.2
Sub-Saharan Africa,South Sudan,Fruits,19929.6,6940.8
Europe,Kosovo,Baby Food,597346.74,359187.42
Asia,Brunei,Beverages,97817.83,48185.82
Australia and Oceania,Australia,Vegetables,662061.33,459649.53
Sub-Saharan Africa,Cape Verde,Fruits,67816,23618
Sub-Saharan Africa,Malawi,Household,3070519.4,1012610.3
Asia,Philippines,Personal Care,493822.38,218372.84
Europe,Estonia,Beverages,68316.71,33653.34
Central America and the Caribbean,Trinidad and Tobago,Office Supplies,4190230.72,1007727.5
Asia,Mongolia,Household,4930922.48,1626142.76
Asia,Japan,Personal Care,468604.23,207221.14
Sub-Saharan Africa,Niger,Meat,2193245.66,344000.8
Middle East and North Africa,Egypt,Baby Food,436651.38,262560.54
Central America and the Caribbean,Saint Lucia,Vegetables,15276.24,10605.84
Middle East and North Africa,Qatar,Cereal,826211.05,625002.45
Sub-Saharan Africa,Mali,Fruits,28980.96,10093.08
Central America and the Caribbean,Saint Lucia,Cosmetics,2470825.39,1631422.21
Sub-Saharan Africa,Swaziland,Clothes,89169.92,182718.72
Asia,Mongolia,Fruits,2664.2,927.85
Sub-Saharan Africa,Botswana,Office Supplies,1040995.68,250353.75
Europe,San Marino,Cosmetics,849502.58,560904.62
Middle East and North Africa,Oman,Fruits,14442.04,5029.67
Asia,Bangladesh,Office Supplies,1874107.2,450712.5
Sub-Saharan Africa,Namibia,Cosmetics,1241074.29,819449.31
Asia,Mongolia,Fruits,66307.44,23092.62
Asia,North Korea,Beverages,135934.04,66962.16
Europe,Latvia,Clothes,68992,141372
Sub-Saharan Africa,Burundi,Snacks,749216.16,423971.46
Sub-Saharan Africa,Seychelles ,Personal Care,213192.54,94275.72
Sub-Saharan Africa,Kenya,Cereal,511536.48,386961.12
Sub-Saharan Africa,Benin,Office Supplies,398969.6,95950
Central America and the Caribbean,Saint Lucia,Personal Care,352770.75,155998.5
Middle East and North Africa,Qatar,Meat,393865.2,61776
Sub-Saharan Africa,Mozambique,Beverages,243988.25,120190.5
Middle East and North Africa,Pakistan,Clothes,193105.92,395694.72
Asia,Taiwan,Personal Care,319108.77,141112.86
Central America and the Caribbean,Cuba,Cereal,801852.17,606575.73
Central America and the Caribbean,Cuba,Household,4778652.86,1575926.57
Europe,Russia,Beverages,35668.38,17570.52
Europe,Switzerland,Cereal,143108.42,108256.98
Europe,Czech Republic,Personal Care,361384.59,159807.62
Europe,Poland,Meat,1890917.65,296582
Sub-Saharan Africa,Mauritius ,Cereal,383535.25,290132.25
Middle East and North Africa,Pakistan,Vegetables,755628.3,524610.3
Sub-Saharan Africa,South Africa,Fruits,34468.52,12004.21
Sub-Saharan Africa,Seychelles ,Household,6533.02,2154.49
Sub-Saharan Africa,Benin,Meat,2610815.71,409494.8
Sub-Saharan Africa,Benin,Meat,804870.83,126240.4
Central America and the Caribbean,Nicaragua,Fruits,55173.16,19214.93
Middle East and North Africa,Lebanon,Office Supplies,4885277.76,1174882.5
Europe,Moldova ,Meat,2948883.34,462519.2
Middle East and North Africa,Tunisia ,Snacks,801444,453526.5
Australia and Oceania,Vanuatu,Beverages,21108.56,10398.24
Sub-Saharan Africa,South Sudan,Beverages,266304.83,131183.82
Europe,Sweden,Cereal,160440.7,121368.3
Europe,Ireland,Meat,611585.13,95924.4
Europe,Italy,Vegetables,760811.31,528208.71
Europe,Bosnia and Herzegovina,Vegetables,230871.27,160287.07
Europe,Bosnia and Herzegovina,Household,1166395.34,384659.33
Europe,Poland,Snacks,767437.44,434282.64
Middle East and North Africa,Kuwait,Snacks,623226.24,352675.44
Sub-Saharan Africa,Sudan,Cereal,831832.33,629254.77
Middle East and North Africa,Saudi Arabia,Vegetables,568676.22,394815.02
Sub-Saharan Africa,Swaziland,Baby Food,340202.28,204565.24
Sub-Saharan Africa,Rwanda,Meat,22246.09,3489.2
Asia,Cambodia,Cosmetics,1944165.39,1283682.21
Sub-Saharan Africa,Central African Republic,Vegetables,771086.4,535342.4
Asia,Maldives,Cosmetics,2571154.12,1697666.68
Sub-Saharan Africa,Djibouti,Household,2349877.04,774953.48
Asia,Tajikistan,Beverages,276286.89,136101.06
Asia,Sri Lanka,Baby Food,687419.04,413348.32
Europe,Montenegro,Personal Care,344383.59,152289.62
Middle East and North Africa,United Arab Emirates,Personal Care,314688.51,139158.18
Central America and the Caribbean,Dominican Republic,Personal Care,359174.46,158830.28
Sub-Saharan Africa,Seychelles ,Office Supplies,4757712.48,1144203.75
Europe,Iceland,Office Supplies,3353444.48,806485
Sub-Saharan Africa,Nigeria,Vegetables,727894.65,505355.65
Sub-Saharan Africa,Rwanda,Fruits,39021.88,13589.99
Europe,Hungary,Snacks,783807.36,443546.16
Europe,Belarus,Baby Food,957635.94,575831.02
Sub-Saharan Africa,South Sudan,Cosmetics,1933895.52,1276901.28
Europe,Andorra,Vegetables,173221.65,120262.65
Asia,Japan,Meat,2395648.61,375746.8
Central America and the Caribbean,El Salvador,Meat,90443.12,14185.6
Sub-Saharan Africa,Kenya,Office Supplies,4663219.68,1121478.75
Europe,Bosnia and Herzegovina,Snacks,43750.56,24757.86
Europe,Andorra,Personal Care,563866.5,249347
Sub-Saharan Africa,Cape Verde,Cosmetics,1164708.59,769027.01
Australia and Oceania,Nauru,Fruits,54903.28,19120.94
Europe,Czech Republic,Cereal,770935.13,583187.97
Europe,Serbia,Vegetables,318255,220955
Australia and Oceania,Tuvalu,Cereal,450170.84,340539.96
Sub-Saharan Africa,Madagascar,Clothes,351590.4,720446.4
Sub-Saharan Africa,Ethiopia,Vegetables,511026.6,354790.6
Asia,Malaysia,Baby Food,403332.6,242525.8
Sub-Saharan Africa,Tanzania,Household,1922215.5,633917.25
Sub-Saharan Africa,Cote d'Ivoire,Vegetables,893205.39,620125.99
Australia and Oceania,Solomon Islands,Clothes,102968.32,210993.12
Europe,Netherlands,Clothes,84367.36,172877.76
Sub-Saharan Africa,Mali,Baby Food,1542707.34,927637.22
Middle East and North Africa,Afghanistan,Cereal,384823.46,291106.74
Europe,Moldova ,Personal Care,207015.51,91544.18
Asia,Bhutan,Snacks,807095.52,456724.62
Asia,Vietnam,Vegetables,610504.02,423854.82
Europe,Portugal,Vegetables,501115.23,347909.43
Europe,Spain,Baby Food,521781.66,313749.78
Middle East and North Africa,Egypt,Meat,2053934.08,322150.4
Europe,Belgium,Snacks,23970.24,13564.44
Asia,Malaysia,Cosmetics,476627.3,314704.7
Central America and the Caribbean,Dominican Republic,Cosmetics,1855686.51,1225261.89
Europe,Estonia,Beverages,308712.69,152074.26
Sub-Saharan Africa,Burundi,Snacks,544494.72,308122.32
Europe,Latvia,Beverages,238329.63,117403.02
Asia,Tajikistan,Meat,103936.65,16302
Sub-Saharan Africa,Zimbabwe,Fruits,40364.36,14057.53
Sub-Saharan Africa,Comoros,Meat,2936483.88,460574.4
Sub-Saharan Africa,Namibia,Clothes,282562.56,579000.96
Europe,Slovenia,Cereal,972247.22,735474.18
Europe,Bulgaria,Snacks,907361.28,513463.68
Sub-Saharan Africa,Guinea-Bissau,Cereal,345474.5,261340.5
Sub-Saharan Africa,Lesotho,Beverages,263284.78,129696.12
Asia,Sri Lanka,Cosmetics,1687681.97,1114332.83
Australia and Oceania,East Timor,Snacks,531924.96,301009.26
Europe,Belarus,Household,2811208.76,927093.62
Sub-Saharan Africa,Benin,Meat,1460948.14,229143.2
Europe,Ireland,Beverages,315325.01,155331.54
Middle East and North Africa,Iran,Meat,3496283.03,548376.4
Sub-Saharan Africa,Benin,Household,651794.38,214951.81
Sub-Saharan Africa,South Sudan,Beverages,11635.14,5731.56
Sub-Saharan Africa,Comoros,Personal Care,234840.48,103848.64
Europe,Poland,Baby Food,1117215.36,671786.88
Europe,Bosnia and Herzegovina,Cosmetics,1414608.76,934029.64
Sub-Saharan Africa,Namibia,Vegetables,243419.61,168999.01
Europe,Spain,Office Supplies,2307724.16,554995
Middle East and North Africa,Iran,Meat,1107198.84,173659.2
Central America and the Caribbean,Guatemala,Office Supplies,1643649.76,395288.75
Australia and Oceania,East Timor,Beverages,198655.71,97859.34
Middle East and North Africa,Bahrain,Household,3010214.6,992722.7
Sub-Saharan Africa,Ethiopia,Office Supplies,1565430.72,376477.5
Australia and Oceania,Solomon Islands,Personal Care,560239.62,247743.16
Central America and the Caribbean,Belize,Snacks,623323.68,352730.58
Asia,Sri Lanka,Office Supplies,2223730.56,534795
Central America and the Caribbean,Costa Rica,Clothes,77342.72,158483.52
Sub-Saharan Africa,Nigeria,Baby Food,151608.42,91162.86
Middle East and North Africa,Iran,Office Supplies,4425937.76,1064413.75
Sub-Saharan Africa,Djibouti,Baby Food,708940.74,426289.42
Asia,South Korea,Snacks,572849.76,324168.06
Central America and the Caribbean,Dominica,Snacks,159509.28,90264.18
Asia,Vietnam,Snacks,746877.6,422648.1
Europe,Norway,Personal Care,109713.12,48516.16
Central America and the Caribbean,Haiti,Beverages,300574.45,148065.3
Central America and the Caribbean,Jamaica,Fruits,50225.36,17491.78
Sub-Saharan Africa,Sudan,Vegetables,855833.16,594179.56
Sub-Saharan Africa,Angola,Meat,735215.04,115315.2
Central America and the Caribbean,Panama,Cosmetics,2159306,1425734
Europe,Greece,Personal Care,177037.08,78287.44
Sub-Saharan Africa,Madagascar,Cereal,1051999.13,795803.97
Sub-Saharan Africa,Guinea-Bissau,Clothes,358328.32,734253.12
North America,Greenland,Clothes,266112,545292
Middle East and North Africa,Libya,Beverages,144644.5,71253
Europe,Belarus,Vegetables,153762.63,106752.83
Middle East and North Africa,Lebanon,Clothes,42864.64,87834.24
Sub-Saharan Africa,Djibouti,Baby Food,389622.48,234281.84
Central America and the Caribbean,Barbados,Personal Care,388076.16,171610.88
Sub-Saharan Africa,Guinea-Bissau,Vegetables,259059.57,179857.37
Europe,Finland,Personal Care,52193.07,23080.26
Central America and the Caribbean,Haiti,Baby Food,1366069.98,821424.34
Sub-Saharan Africa,Niger,Clothes,191027.2,391435.2
Central America and the Caribbean,Trinidad and Tobago,Fruits,53761.48,18723.29
Central America and the Caribbean,Grenada,Personal Care,254278.29,112444.22
Central America and the Caribbean,Dominican Republic,Cereal,130343.43,98600.67
Europe,Monaco,Household,2667482.32,879694.84
Europe,Estonia,Vegetables,160400.52,111361.32
Europe,Italy,Beverages,229078.74,112845.96
Asia,Malaysia,Office Supplies,2827959.52,680108.75
Sub-Saharan Africa,Ghana,Office Supplies,1099791.2,264493.75
Middle East and North Africa,Pakistan,Clothes,5232.64,10722.24
Asia,Sri Lanka,Snacks,427761.6,242064.6
Europe,Romania,Fruits,46398.6,16159.05
Middle East and North Africa,Qatar,Office Supplies,527059.84,126755
Sub-Saharan Africa,Cote d'Ivoire,Clothes,294891.52,604264.32
Middle East and North Africa,Egypt,Office Supplies,709745.92,170690
Middle East and North Africa,Iran,Snacks,36929.76,20898.06
Middle East and North Africa,Somalia,Clothes,263316.48,539563.68
Middle East and North Africa,Syria,Personal Care,74917.74,33129.32
Australia and Oceania,Solomon Islands,Cereal,398642.44,301560.36
Central America and the Caribbean,Guatemala,Fruits,11909.32,4147.61
Middle East and North Africa,Kuwait,Clothes,230666.24,472659.84
Middle East and North Africa,Jordan,Meat,1728995.29,271185.2
Australia and Oceania,Marshall Islands,Beverages,186257.61,91751.94
Middle East and North Africa,Egypt,Snacks,589024.8,333321.3
Europe,Switzerland,Meat,1307413.65,205062
Australia and Oceania,Samoa ,Personal Care,215175.99,95152.82
Europe,Portugal,Cosmetics,1060956.57,700522.23
Europe,Albania,Clothes,310410.24,636063.84
Central America and the Caribbean,Dominica,Vegetables,373267.65,259148.65
Australia and Oceania,Tuvalu,Cosmetics,1001443.99,661227.61
Australia and Oceania,Marshall Islands,Cereal,377913.97,285879.93
Europe,Bulgaria,Fruits,33797.28,11770.44
Sub-Saharan Africa,Niger,Office Supplies,1737092.64,417761.25
Central America and the Caribbean,Saint Vincent and the Grenadines,Office Supplies,36747.2,8837.5
Sub-Saharan Africa,Malawi,Beverages,278671.14,137275.56
Sub-Saharan Africa,Cape Verde,Personal Care,1416.75,626.5
Central America and the Caribbean,Saint Vincent and the Grenadines,Beverages,206952.9,101946.6
Europe,Greece,Personal Care,448429.71,198299.78
Europe,Monaco,Clothes,213498.88,437482.08
Sub-Saharan Africa,Nigeria,Beverages,298730.63,147157.02
Europe,Norway,Cosmetics,2375236.6,1568307.4
North America,Greenland,Snacks,257533.92,145735.02
Middle East and North Africa,Tunisia ,Beverages,3624.06,1785.24
Asia,Uzbekistan,Meat,3031667.97,475503.6
Central America and the Caribbean,Saint Kitts and Nevis ,Vegetables,559401.36,388375.76
Central America and the Caribbean,Belize,Meat,3490812.68,547518.4
Sub-Saharan Africa,Angola,Personal Care,371075.16,164092.88
Asia,Bhutan,Meat,760378.65,119262
Central America and the Caribbean,Honduras,Personal Care,182307.39,80618.02
Sub-Saharan Africa,South Sudan,Household,2017195.56,665240.22
Asia,Kyrgyzstan,Baby Food,91347.66,54927.78
Sub-Saharan Africa,Sao Tome and Principe,Cosmetics,1586563.25,1047566.75
Sub-Saharan Africa,Madagascar,Fruits,38267.6,13327.3
Sub-Saharan Africa,Senegal,Household,643251.2,212134.4
Sub-Saharan Africa,Sierra Leone,Office Supplies,3937724.96,947001.25
Asia,Malaysia,Household,2736832.84,902565.58
Central America and the Caribbean,Cuba,Office Supplies,4410188.96,1060626.25
Sub-Saharan Africa,Zimbabwe,Personal Care,378782.28,167501.04
Europe,Serbia,Beverages,84052.76,41405.04
Asia,Maldives,Vegetables,514663.8,357315.8
Europe,Ireland,Office Supplies,3750314.24,901930
Europe,Romania,Clothes,198446.08,406637.28
Europe,Croatia,Beverages,41803.85,20592.9
Europe,Albania,Vegetables,180041.4,124997.4
Central America and the Caribbean,Dominican Republic,Vegetables,642966.03,446392.23
Sub-Saharan Africa,Zimbabwe,Vegetables,286702.29,199048.89
Sub-Saharan Africa,Ghana,Office Supplies,4633296.96,1114282.5
Asia,Laos,Beverages,308967.01,152199.54
Central America and the Caribbean,Panama,Personal Care,198004.98,87559.64
Sub-Saharan Africa,Angola,Household,2433801.22,802630.39
Middle East and North Africa,Syria,Snacks,47745.6,27018.6
Sub-Saharan Africa,Sierra Leone,Cosmetics,1103089.37,728341.43
Sub-Saharan Africa,Uganda,Fruits,11950.84,4162.07
Asia,Taiwan,Clothes,212208.64,434838.24
Middle East and North Africa,Azerbaijan,Vegetables,147215.67,102207.47
Asia,Maldives,Office Supplies,368521.92,88627.5
Sub-Saharan Africa,Mauritania,Meat,2582369.89,405033.2
Sub-Saharan Africa,Burundi,Baby Food,270695.16,162770.28
Sub-Saharan Africa,Zambia,Baby Food,1199794.92,721442.36
Asia,Singapore,Beverages,145312.09,71581.86
Sub-Saharan Africa,Ghana,Household,2446867.26,806939.37
Sub-Saharan Africa,Guinea,Meat,2730434.03,428256.4
Sub-Saharan Africa,Zambia,Fruits,24386.08,8492.84
Europe,Georgia,Snacks,108060.96,61150.26
Middle East and North Africa,Bahrain,Baby Food,64405.68,38727.44
Sub-Saharan Africa,Lesotho,Personal Care,487418.67,215541.06
Central America and the Caribbean,Barbados,Cosmetics,1296636.92,856135.88
Middle East and North Africa,Saudi Arabia,Vegetables,511754.04,355295.64
Europe,Macedonia,Personal Care,509916.66,225489.88
Asia,Turkmenistan,Office Supplies,184785.92,44440
Europe,Albania,Baby Food,1122316.8,674854.4
Middle East and North Africa,Afghanistan,Clothes,123289.6,252633.6
Australia and Oceania,Kiribati,Clothes,213713.92,437922.72
Middle East and North Africa,Morocco,Cosmetics,2120596.49,1400175.11
Europe,Norway,Baby Food,826273.86,496842.38
Europe,Sweden,Cosmetics,2595907.14,1714010.46
Asia,Tajikistan,Personal Care,374758.71,165721.78
Europe,Netherlands,Cosmetics,1847786.61,1220045.79
Europe,Spain,Vegetables,424370.31,294627.71
Sub-Saharan Africa,Chad,Baby Food,30927.48,18596.84
Europe,Ireland,Meat,2282594.71,358014.8
Middle East and North Africa,Pakistan,Meat,931418.26,146088.8
Sub-Saharan Africa,Mozambique,Fruits,5563.68,1937.64
Middle East and North Africa,Bahrain,Fruits,67553.04,23526.42
Asia,Tajikistan,Meat,78043.66,12240.8
Australia and Oceania,New Zealand,Meat,3639606.2,570856
Sub-Saharan Africa,Niger,Baby Food,1419794.52,853729.16
Europe,Armenia,Fruits,26794.24,9331.52
Sub-Saharan Africa,Gabon,Baby Food,604361.22,363405.26
Asia,Kyrgyzstan,Vegetables,418641.72,290650.52
Australia and Oceania,Fiji,Clothes,153574.4,314690.4
Europe,Romania,Cosmetics,2064243.87,1362966.93
Sub-Saharan Africa,Botswana,Cereal,269587.22,203934.18
Australia and Oceania,Fiji,Cosmetics,458457.53,302707.67
Europe,Vatican City,Clothes,80855.04,165680.64
Asia,Thailand,Vegetables,634236.75,440331.75
Europe,Belarus,Cereal,124136.6,93905.4
Australia and Oceania,Solomon Islands,Vegetables,609503.79,423160.39
Asia,China,Cosmetics,2140346.24,1413215.36
Sub-Saharan Africa,Angola,Snacks,642227.04,363427.74
Asia,Cambodia,Cereal,629583.36,476259.84
Central America and the Caribbean,Guatemala,Baby Food,765534.84,460319.72
Sub-Saharan Africa,Namibia,Vegetables,656241.81,455609.21
Europe,Serbia,Beverages,63611.79,31335.66
Middle East and North Africa,Turkey,Vegetables,51284.52,35605.32
Middle East and North Africa,Pakistan,Vegetables,122846.43,85288.63
Europe,Georgia,Vegetables,439464.69,305107.29
Australia and Oceania,Vanuatu,Snacks,829799.04,469572.24
Europe,Luxembourg,Cosmetics,510070.21,336786.19
Middle East and North Africa,Saudi Arabia,Household,834718.94,275277.53
Australia and Oceania,Vanuatu,Meat,2293535.41,359730.8
Central America and the Caribbean,Haiti,Snacks,141288,79953
Sub-Saharan Africa,Tanzania,Household,2414704.7,796332.65
Asia,North Korea,Cosmetics,275706.51,182041.89
Middle East and North Africa,Bahrain,Beverages,219319.21,108038.34
Sub-Saharan Africa,Cote d'Ivoire,Cereal,716127.65,541727.85
Asia,Singapore,Cosmetics,1180508.39,779459.21
Asia,Malaysia,Baby Food,768404.4,462045.2
Europe,Albania,Baby Food,314535.66,189131.78
Sub-Saharan Africa,Gabon,Snacks,762370.56,431415.36
Europe,Poland,Snacks,612215.52,346444.62
Sub-Saharan Africa,Chad,Office Supplies,4352968.32,1046865
Sub-Saharan Africa,Republic of the Congo,Clothes,244643.84,501301.44
Asia,Philippines,Fruits,13064.96,4550.08
Europe,France,Snacks,537479.04,304152.24
Europe,Germany,Household,3405713.58,1123152.21
Sub-Saharan Africa,Uganda,Personal Care,383599.23,169631.14
Middle East and North Africa,Bahrain,Personal Care,205202.07,90742.26
Middle East and North Africa,Jordan,Office Supplies,3935625.12,946496.25
Europe,Montenegro,Beverages,177578.94,87476.76
Middle East and North Africa,Tunisia ,Personal Care,403150.38,178276.84
Europe,Germany,Cereal,976111.85,738397.65
Europe,Italy,Snacks,734307.84,415535.04
Europe,France,Office Supplies,17323.68,4166.25
Middle East and North Africa,Algeria,Baby Food,506158.5,304355.5
Asia,Myanmar,Beverages,42693.97,21031.38
Europe,France,Vegetables,86110.71,59784.11
Europe,Spain,Vegetables,493658.97,342732.77
Asia,Cambodia,Baby Food,42086.88,25307.04
Sub-Saharan Africa,The Gambia,Vegetables,723439.08,502262.28
Europe,Russia,Baby Food,484796.22,291510.26
Europe,Belarus,Baby Food,1129968.96,679455.68
Middle East and North Africa,Turkey,Beverages,117400.47,57832.38
Sub-Saharan Africa,Kenya,Meat,1272038.72,199513.6
Middle East and North Africa,Iran,Cosmetics,2404992.89,1587954.71
Asia,Vietnam,Personal Care,18191.07,8044.26
Europe,Albania,Beverages,278957.25,137416.5
Central America and the Caribbean,Antigua and Barbuda ,Clothes,116515.84,238753.44
Sub-Saharan Africa,Senegal,Cereal,530976.74,401667.06
Europe,Netherlands,Fruits,3051.72,1062.81
Europe,Russia,Fruits,5688.24,1981.02
Europe,Slovakia,Cosmetics,673334.81,444585.59
Australia and Oceania,East Timor,Beverages,144835.24,71346.96
Central America and the Caribbean,Haiti,Vegetables,251057.73,174301.93
Middle East and North Africa,Yemen,Cereal,602765.17,455972.73
Australia and Oceania,Tuvalu,Cereal,786862.09,595236.21
Sub-Saharan Africa,Liberia,Snacks,439649.28,248791.68
Asia,North Korea,Beverages,82463.26,40622.04
Asia,North Korea,Household,3549440.02,1170550.99
Europe,Romania,Household,527667,174016.5
Sub-Saharan Africa,Sao Tome and Principe,Cereal,1137723.65,860651.85
Middle East and North Africa,Bahrain,Fruits,36336.92,12654.91
Middle East and North Africa,Somalia,Cosmetics,495323.73,327049.47
Europe,Cyprus,Cereal,100831.71,76275.99
Europe,United Kingdom,Beverages,174113.83,85769.82
Europe,Germany,Personal Care,342570.15,151487.7
Middle East and North Africa,Somalia,Beverages,156247.85,76968.9
Australia and Oceania,New Zealand,Household,736723.64,242960.18
Middle East and North Africa,Kuwait,Meat,2592945.9,406692
Asia,Japan,Cosmetics,76102.37,50248.43
Europe,Norway,Baby Food,235303.92,141489.36
Sub-Saharan Africa,Lesotho,Personal Care,463390.59,204915.62
Europe,Belgium,Cosmetics,2614340.24,1726181.36
Central America and the Caribbean,Honduras,Cosmetics,867672.35,572901.65
Europe,Austria,Household,3456470.12,1139890.94
Middle East and North Africa,Oman,Baby Food,1005461.94,604589.02
Middle East and North Africa,Oman,Baby Food,1473359.64,885938.12
Europe,Spain,Snacks,36637.44,20732.64
Middle East and North Africa,Afghanistan,Fruits,44516.36,15503.53
Central America and the Caribbean,Saint Vincent and the Grenadines,Cosmetics,307306.11,202906.29
Europe,Iceland,Vegetables,33189.45,23042.45
Asia,Myanmar,Vegetables,622324.92,432061.72
Europe,Netherlands,Snacks,531340.32,300678.42
Europe,Slovakia,Vegetables,733896.03,509522.23
Middle East and North Africa,Bahrain,Fruits,59581.2,20750.1
Sub-Saharan Africa,Lesotho,Baby Food,1277273.04,768030.32
Central America and the Caribbean,Cuba,Clothes,331520,679320
Middle East and North Africa,Afghanistan,Clothes,83543.04,171188.64
Australia and Oceania,Vanuatu,Cereal,1087834.79,822912.51
Asia,Bhutan,Beverages,292213.68,143946.72
Australia and Oceania,Palau,Cereal,367608.29,278084.01
Asia,Indonesia,Personal Care,524707.53,232030.54
Europe,Andorra,Baby Food,1229765.88,739464.04
Middle East and North Africa,Algeria,Office Supplies,2990172.16,719120
Australia and Oceania,Vanuatu,Cosmetics,639628.57,422330.23
North America,Mexico,Baby Food,664462.56,399544.48
Europe,Macedonia,Fruits,63657.08,22169.59
Central America and the Caribbean,Panama,Personal Care,160829.46,71120.28
Asia,Nepal,Cereal,285279.96,215805.24
Asia,Nepal,Fruits,16407.32,5714.11
Sub-Saharan Africa,Mauritius ,Cereal,1060431.05,802182.45
Sub-Saharan Africa,Sao Tome and Principe,Clothes,212531.2,435499.2
Central America and the Caribbean,Saint Vincent and the Grenadines,Fruits,58612.4,20412.7
Asia,Maldives,Personal Care,520230.6,230050.8
Sub-Saharan Africa,Swaziland,Personal Care,147058.65,65030.7
Middle East and North Africa,Morocco,Cereal,33259.24,25159.56
Asia,Maldives,Clothes,209448.96,429183.36
Sub-Saharan Africa,Zimbabwe,Fruits,68556.44,23875.87
Asia,India,Cereal,601008.52,454643.88
Asia,Tajikistan,Beverages,38529.48,18979.92
Sub-Saharan Africa,Lesotho,Snacks,961927.68,544342.08
Asia,Bhutan,Office Supplies,5178730.4,1245456.25
Central America and the Caribbean,Trinidad and Tobago,Snacks,192736.32,109066.92
Australia and Oceania,Tuvalu,Fruits,27873.76,9707.48
Middle East and North Africa,Iraq,Clothes,210165.76,430652.16
Sub-Saharan Africa,The Gambia,Vegetables,397000.38,275625.58
Middle East and North Africa,Bahrain,Beverages,268466.55,132248.7
Middle East and North Africa,Qatar,Meat,1474441.67,231259.6
Sub-Saharan Africa,Angola,Household,4590702.9,1513943.55
Central America and the Caribbean,Costa Rica,Cosmetics,2297290.92,1516841.88
Australia and Oceania,Papua New Guinea,Household,4948511.38,1631943.31
Middle East and North Africa,Qatar,Clothes,235504.64,482574.24
Central America and the Caribbean,Saint Kitts and Nevis ,Clothes,179020.8,366832.8
Sub-Saharan Africa,Sierra Leone,Fruits,57090,19882.5
Europe,Russia,Fruits,10345.4,3602.95
Europe,Lithuania,Vegetables,629508.39,437048.99
Europe,United Kingdom,Vegetables,796455.87,552955.67
Asia,Indonesia,Personal Care,467867.52,206895.36
Asia,Mongolia,Beverages,276636.58,136273.32
Middle East and North Africa,Egypt,Office Supplies,216808.48,52141.25
Sub-Saharan Africa,Comoros,Household,2883574.52,950958.74
Europe,Slovenia,Household,2038804.78,672366.61
Middle East and North Africa,Lebanon,Beverages,215567.99,106190.46
Australia and Oceania,Australia,Cosmetics,619352.16,408942.24
Central America and the Caribbean,Haiti,Snacks,121312.8,68649.3
Central America and the Caribbean,Saint Kitts and Nevis ,Meat,351196.47,55083.6
Middle East and North Africa,Syria,Vegetables,94930.92,65907.72
Asia,Laos,Snacks,784781.76,444097.56
Central America and the Caribbean,Saint Kitts and Nevis ,Cereal,69329.12,52445.28
Sub-Saharan Africa,Sudan,Vegetables,389907.84,270701.44
Central America and the Caribbean,Guatemala,Meat,2480986.07,389131.6
Asia,Brunei,Clothes,101427.2,207835.2
Middle East and North Africa,Jordan,Clothes,325857.28,667716.48
Central America and the Caribbean,Panama,Meat,3407663.36,534476.8
Sub-Saharan Africa,Central African Republic,Household,4709804.88,1553221.56
Middle East and North Africa,Bahrain,Beverages,63357.47,31210.38
Sub-Saharan Africa,Burundi,Beverages,65392.03,32212.62
Europe,Austria,Cereal,168989.73,127835.37
Australia and Oceania,Fiji,Beverages,129130.98,63610.92
Australia and Oceania,Fiji,Clothes,30679.04,62864.64
Europe,Switzerland,Snacks,467712,264672
Middle East and North Africa,Yemen,Office Supplies,3096214.08,744622.5
Sub-Saharan Africa,Comoros,Personal Care,350560.62,155021.16
Sub-Saharan Africa,Democratic Republic of the Congo,Office Supplies,2484110.72,597415
Asia,Mongolia,Clothes,94366.72,193367.52
Australia and Oceania,Palau,Household,4030873.34,1329320.33
Europe,Monaco,Snacks,102994.08,58282.98
Australia and Oceania,Fiji,Cereal,1046026.52,791285.88
Sub-Saharan Africa,Mali,Beverages,27657.3,13624.2
Sub-Saharan Africa,Liberia,Cereal,366085.86,276932.34
Europe,Switzerland,Beverages,126746.73,62436.42
Australia and Oceania,Samoa ,Baby Food,1397953.98,840596.34
Asia,Nepal,Meat,1758170.49,275761.2
Middle East and North Africa,Azerbaijan,Snacks,635698.56,359733.36
Europe,Georgia,Baby Food,45912.96,27607.68
Middle East and North Africa,United Arab Emirates,Vegetables,868927.08,603270.28
Europe,Finland,Household,4925394.54,1624319.73
Europe,Portugal,Cereal,413164.08,312545.52